{"count":1,"self":3531.311104,"total":6911.8814159999993,"children":{"InitializeActuators":{"count":1,"self":0.0021338999999999998,"total":0.0021338999999999998,"children":null},"InitializeSensors":{"count":1,"self":0.0030513,"total":0.0030513,"children":null},"AgentSendState":{"count":2500017,"self":42.5525568,"total":65.1120287,"children":{"CollectObservations":{"count":500004,"self":2.5673095999999997,"total":2.5673095999999997,"children":null},"WriteActionMask":{"count":500004,"self":0.62368,"total":0.62368,"children":null},"RequestDecision":{"count":500004,"self":3.440778,"total":19.3684823,"children":{"AgentInfo.ToProto":{"count":500004,"self":4.3740448,"total":15.927704299999998,"children":{"GenerateSensorData":{"count":500004,"self":10.223179199999999,"total":11.553659399999999,"children":{"RayPerceptionSensor.Perceive":{"count":1000008,"self":1.3304804,"total":1.3304804,"children":null}}}}}}}}},"DecideAction":{"count":2500017,"self":3260.0221696,"total":3260.0222433999998,"children":null},"AgentAct":{"count":2500017,"self":53.455312,"total":53.4553113,"children":null},"AgentInfo.ToProto":{"count":60468,"self":0.5524181,"total":1.9730995999999998,"children":{"GenerateSensorData":{"count":60468,"self":1.2190412,"total":1.4206815,"children":{"RayPerceptionSensor.Perceive":{"count":120936,"self":0.2016403,"total":0.2016403,"children":null}}}}}},"gauges":{"MoveToGoal.CumulativeReward":{"count":60468,"max":19.24992,"min":-23.1504116,"runningAverage":-1.90696692,"value":-2.2099998,"weightedAverage":-1.89823651}},"metadata":{"timer_format_version":"0.1.0","start_time_seconds":"1685628757","unity_version":"2021.3.11f1","command_line_arguments":"C:\/Program Files\/Unity 2021.3.11f1\/Editor\/Unity.exe -projectpath C:\\Users\\ybdto\\OneDrive\\Documents\\unity\\new_wmmc\\WhoMovedMyCheese - Copy -useHub -hubIPC -cloudEnvironment production","communication_protocol_version":"1.5.0","com.unity.ml-agents_version":"2.3.0-exp.3","scene_name":"Maze","end_time_seconds":"1685635668"}}