{
    "name": "root",
    "metadata": {
        "timer_format_version": "0.1.0",
        "start_time_seconds": "1684710040",
        "python_version": "3.9.12 (main, Apr  4 2022, 05:22:27) [MSC v.1916 64 bit (AMD64)]",
        "command_line_arguments": "C:\\Users\\ybdto\\OneDrive\\Documents\\unity\\WMMC\\WhoMovedMyCheese\\mlenv\\Scripts\\mlagents-learn config/moveToGoal.yaml --run-id=Demo1 --force",
        "mlagents_version": "0.30.0",
        "mlagents_envs_version": "0.30.0",
        "communication_protocol_version": "1.5.0",
        "pytorch_version": "2.0.0+cpu",
        "numpy_version": "1.21.2",
        "end_time_seconds": "1684710047"
    },
    "total": 7.057071700000001,
    "count": 1,
    "self": 0.018952300000000477,
    "children": {
        "run_training.setup": {
            "total": 0.15922740000000069,
            "count": 1,
            "self": 0.15922740000000069
        },
        "TrainerController.start_learning": {
            "total": 6.878892,
            "count": 1,
            "self": 0.00016519999999786705,
            "children": {
                "TrainerController._reset_env": {
                    "total": 6.873360300000001,
                    "count": 1,
                    "self": 6.4724086000000005,
                    "children": {
                        "demo_to_buffer": {
                            "total": 0.40095170000000024,
                            "count": 1,
                            "self": 0.0004222000000009274,
                            "children": {
                                "load_demonstration": {
                                    "total": 0.008820599999999956,
                                    "count": 1,
                                    "self": 0.007594700000000287,
                                    "children": {
                                        "read_file": {
                                            "total": 0.001225899999999669,
                                            "count": 1,
                                            "self": 0.001225899999999669
                                        }
                                    }
                                },
                                "make_demo_buffer": {
                                    "total": 0.39170889999999936,
                                    "count": 1,
                                    "self": 0.07794259999995923,
                                    "children": {
                                        "steps_from_proto": {
                                            "total": 0.31376630000004013,
                                            "count": 2378,
                                            "self": 0.21776220000010227,
                                            "children": {
                                                "_process_rank_one_or_two_observation": {
                                                    "total": 0.09600409999993786,
                                                    "count": 4756,
                                                    "self": 0.09600409999993786
                                                }
                                            }
                                        }
                                    }
                                }
                            }
                        }
                    }
                },
                "TrainerController._save_models": {
                    "total": 0.00536650000000094,
                    "count": 1,
                    "self": 0.0003741000000019312,
                    "children": {
                        "RLTrainer._checkpoint": {
                            "total": 0.004992399999999009,
                            "count": 1,
                            "self": 0.004992399999999009
                        }
                    }
                }
            }
        }
    }
}