{
    "name": "root",
    "gauges": {
        "MoveToGoal.Policy.Entropy.mean": {
            "value": 1.5217440128326416,
            "min": 1.2872684001922607,
            "max": 1.6038334369659424,
            "count": 27
        },
        "MoveToGoal.Policy.Entropy.sum": {
            "value": 7578.28515625,
            "min": 6472.38525390625,
            "max": 8017.6474609375,
            "count": 27
        },
        "MoveToGoal.Step.mean": {
            "value": 134937.0,
            "min": 4993.0,
            "max": 134937.0,
            "count": 27
        },
        "MoveToGoal.Step.sum": {
            "value": 134937.0,
            "min": 4993.0,
            "max": 134937.0,
            "count": 27
        },
        "MoveToGoal.Policy.ExtrinsicValueEstimate.mean": {
            "value": -0.2891676723957062,
            "min": -1.17677640914917,
            "max": 0.8501923680305481,
            "count": 27
        },
        "MoveToGoal.Policy.ExtrinsicValueEstimate.sum": {
            "value": -34.989288330078125,
            "min": -134.1525115966797,
            "max": 142.8323211669922,
            "count": 27
        },
        "MoveToGoal.Policy.CuriosityValueEstimate.mean": {
            "value": 10.496603012084961,
            "min": 1.8181567192077637,
            "max": 26.881269454956055,
            "count": 27
        },
        "MoveToGoal.Policy.CuriosityValueEstimate.sum": {
            "value": 1270.0889892578125,
            "min": 283.6324462890625,
            "max": 3264.6416015625,
            "count": 27
        },
        "MoveToGoal.Environment.EpisodeLength.mean": {
            "value": 66.34246575342466,
            "min": 34.04964539007092,
            "max": 504.0,
            "count": 27
        },
        "MoveToGoal.Environment.EpisodeLength.sum": {
            "value": 4843.0,
            "min": 4368.0,
            "max": 5527.0,
            "count": 27
        },
        "MoveToGoal.Environment.CumulativeReward.mean": {
            "value": -0.9726027603287667,
            "min": -1.000000068413791,
            "max": -0.6000002399999932,
            "count": 27
        },
        "MoveToGoal.Environment.CumulativeReward.sum": {
            "value": -71.00000150399997,
            "min": -137.000000896,
            "max": -6.000002399999932,
            "count": 27
        },
        "MoveToGoal.Policy.ExtrinsicReward.mean": {
            "value": -0.9726027603287667,
            "min": -1.000000068413791,
            "max": -0.6000002399999932,
            "count": 27
        },
        "MoveToGoal.Policy.ExtrinsicReward.sum": {
            "value": -71.00000150399997,
            "min": -137.000000896,
            "max": -6.000002399999932,
            "count": 27
        },
        "MoveToGoal.Policy.CuriosityReward.mean": {
            "value": 1.51132551766932,
            "min": 0.0,
            "max": 46.1918684406714,
            "count": 27
        },
        "MoveToGoal.Policy.CuriosityReward.sum": {
            "value": 110.32676278986037,
            "min": 0.0,
            "max": 5062.829343557358,
            "count": 27
        },
        "MoveToGoal.IsTraining.mean": {
            "value": 1.0,
            "min": 1.0,
            "max": 1.0,
            "count": 27
        },
        "MoveToGoal.IsTraining.sum": {
            "value": 1.0,
            "min": 1.0,
            "max": 1.0,
            "count": 27
        },
        "MoveToGoal.Losses.PolicyLoss.mean": {
            "value": 0.02257234030403197,
            "min": 0.021186357371819516,
            "max": 0.03244874402880669,
            "count": 13
        },
        "MoveToGoal.Losses.PolicyLoss.sum": {
            "value": 0.02257234030403197,
            "min": 0.021186357371819516,
            "max": 0.03244874402880669,
            "count": 13
        },
        "MoveToGoal.Losses.ValueLoss.mean": {
            "value": 0.37009831964969636,
            "min": 0.28449569741884867,
            "max": 19.92604945500692,
            "count": 13
        },
        "MoveToGoal.Losses.ValueLoss.sum": {
            "value": 0.37009831964969636,
            "min": 0.28449569741884867,
            "max": 19.92604945500692,
            "count": 13
        },
        "MoveToGoal.Policy.LearningRate.mean": {
            "value": 0.0002999199270266909,
            "min": 0.0002999199270266909,
            "max": 0.0002999938554020481,
            "count": 13
        },
        "MoveToGoal.Policy.LearningRate.sum": {
            "value": 0.0002999199270266909,
            "min": 0.0002999199270266909,
            "max": 0.0002999938554020481,
            "count": 13
        },
        "MoveToGoal.Policy.Epsilon.mean": {
            "value": 0.19997330899999996,
            "min": 0.19997330899999996,
            "max": 0.19999795180000007,
            "count": 13
        },
        "MoveToGoal.Policy.Epsilon.sum": {
            "value": 0.19997330899999996,
            "min": 0.19997330899999996,
            "max": 0.19999795180000007,
            "count": 13
        },
        "MoveToGoal.Policy.Beta.mean": {
            "value": 0.004998668119099999,
            "min": 0.004998668119099999,
            "max": 0.004999897794819999,
            "count": 13
        },
        "MoveToGoal.Policy.Beta.sum": {
            "value": 0.004998668119099999,
            "min": 0.004998668119099999,
            "max": 0.004999897794819999,
            "count": 13
        },
        "MoveToGoal.Losses.CuriosityForwardLoss.mean": {
            "value": 0.989032922188441,
            "min": 0.8475223342577617,
            "max": 358.70111185709635,
            "count": 13
        },
        "MoveToGoal.Losses.CuriosityForwardLoss.sum": {
            "value": 0.989032922188441,
            "min": 0.8475223342577617,
            "max": 358.70111185709635,
            "count": 13
        },
        "MoveToGoal.Losses.CuriosityInverseLoss.mean": {
            "value": 0.6964131633440653,
            "min": 0.6964131633440653,
            "max": 1.6831236044565836,
            "count": 13
        },
        "MoveToGoal.Losses.CuriosityInverseLoss.sum": {
            "value": 0.6964131633440653,
            "min": 0.6964131633440653,
            "max": 1.6831236044565836,
            "count": 13
        }
    },
    "metadata": {
        "timer_format_version": "0.1.0",
        "start_time_seconds": "1684718688",
        "python_version": "3.9.12 (main, Apr  4 2022, 05:22:27) [MSC v.1916 64 bit (AMD64)]",
        "command_line_arguments": "C:\\Users\\ybdto\\OneDrive\\Documents\\unity\\WMMC\\WhoMovedMyCheese\\mlenv\\Scripts\\mlagents-learn config/moveToGoal.yaml --run-id=curiosity1 --force",
        "mlagents_version": "0.30.0",
        "mlagents_envs_version": "0.30.0",
        "communication_protocol_version": "1.5.0",
        "pytorch_version": "2.0.0+cpu",
        "numpy_version": "1.21.2",
        "end_time_seconds": "1684720019"
    },
    "total": 1330.5754516,
    "count": 1,
    "self": 0.023000399999773435,
    "children": {
        "run_training.setup": {
            "total": 0.11669399999999985,
            "count": 1,
            "self": 0.11669399999999985
        },
        "TrainerController.start_learning": {
            "total": 1330.4357572000001,
            "count": 1,
            "self": 3.1619209999912528,
            "children": {
                "TrainerController._reset_env": {
                    "total": 16.0933227,
                    "count": 1,
                    "self": 16.0933227
                },
                "TrainerController.advance": {
                    "total": 1310.6712953000088,
                    "count": 141179,
                    "self": 2.4797832000167546,
                    "children": {
                        "env_step": {
                            "total": 1181.3009071999936,
                            "count": 141179,
                            "self": 1022.8037315999994,