{
    "name": "root",
    "metadata": {
        "timer_format_version": "0.1.0",
        "start_time_seconds": "1684569060",
        "python_version": "3.9.12 (main, Apr  4 2022, 05:22:27) [MSC v.1916 64 bit (AMD64)]",
        "command_line_arguments": "C:\\Users\\ybdto\\OneDrive\\Documents\\unity\\WMMC\\WhoMovedMyCheese\\mlenv\\Scripts\\mlagents-learn config/moveToGoal.yaml --initialize-from=Test1 --run-id=Test2 --resume",
        "mlagents_version": "0.30.0",
        "mlagents_envs_version": "0.30.0",
        "communication_protocol_version": "1.5.0",
        "pytorch_version": "2.0.0+cpu",
        "numpy_version": "1.21.2",
        "end_time_seconds": "1684569096"
    },
    "total": 35.9391251,
    "count": 1,
    "self": 0.007376299999997116,
    "children": {
        "run_training.setup": {
            "total": 0.11367500000000019,
            "count": 1,
            "self": 0.11367500000000019
        },
        "TrainerController.start_learning": {
            "total": 35.8180738,
            "count": 1,
            "self": 0.013792199999976162,
            "children": {
                "TrainerController._reset_env": {
                    "total": 8.796363,
                    "count": 1,
                    "self": 8.796363
                },
                "TrainerController.advance": {
                    "total": 26.86305460000002,
                    "count": 689,
                    "self": 0.01146610000004955,
                    "children": {
                        "env_step": {
                            "total": 26.75980779999999,
                            "count": 689,
                            "self": 26.035920800000035,
                            "children": {
                                "SubprocessEnvManager._take_step": {
                                    "total": 0.7157547999999458,
                                    "count": 689,
                                    "self": 0.03891179999996908,
                                    "children": {
                                        "TorchPolicy.evaluate": {
                                            "total": 0.6768429999999768,
                                            "count": 687,
                                            "self": 0.6768429999999768
                                        }
                                    }
                                },
                                "workers": {
                                    "total": 0.008132200000009249,
                                    "count": 688,
                                    "self": 0.0,
                                    "children": {
                                        "worker_root": {
                                            "total": 5.8731447000000045,
                                            "count": 688,
                                            "is_parallel": true,
                                            "self": 1.5387378000000371,
                                            "children": {
                                                "steps_from_proto": {
                                                    "total": 0.0003278000000008774,
                                                    "count": 1,
                                                    "is_parallel": true,
                                                    "self": 0.00017200000000094917,
                                                    "children": {
                                                        "_process_rank_one_or_two_observation": {
                                                            "total": 0.00015579999999992822,
                                                            "count": 2,
                                                            "is_parallel": true,
                                                            "self": 0.00015579999999992822
                                                        }
                                                    }
                                                },
                                                "UnityEnvironment.step": {
                                                    "total": 4.3340790999999665,
                                                    "count": 688,
                                                    "is_parallel": true,
                                                    "self": 0.06032619999993649,
                                                    "children": {
                                                        "UnityEnvironment._generate_step_input": {
                                                            "total": 0.06195220000001633,
                                                            "count": 688,
                                                            "is_parallel": true,
                                                            "self": 0.06195220000001633
                                                        },
                                                        "communicator.exchange": {
                                                            "total": 4.032585799999998,
                                                            "count": 688,
                                                            "is_parallel": true,
                                                            "self": 4.032585799999998
                                                        },
                                                        "steps_from_proto": {
                                                            "total": 0.17921490000001583,
                                                            "count": 688,
                                                            "is_parallel": true,
                                                            "self": 0.10204099999998562,
                                                            "children": {
                                                                "_process_rank_one_or_two_observation": {
                                                                    "total": 0.07717390000003022,
                                                                    "count": 1376,
                                                                    "is_parallel": true,
                                                                    "self": 0.07717390000003022
                                                                }
                                                            }
                                                        }
                                                    }
                                                }
                                            }
                                        }
                                    }
                                }
                            }
                        },
                        "trainer_advance": {
                            "total": 0.09178069999997795,
                            "count": 688,
                            "self": 0.015351899999973995,
                            "children": {
                                "process_trajectory": {
                                    "total": 0.07642880000000396,
                                    "count": 688,
                                    "self": 0.07642880000000396
                                }
                            }
                        }
                    }
                },
                "trainer_threads": {
                    "total": 1.8000000068241206e-06,
                    "count": 1,
                    "self": 1.8000000068241206e-06
                },
                "TrainerController._save_models": {
                    "total": 0.1448621999999986,
                    "count": 1,
                    "self": 0.009128599999996823,