{
    "name": "root",
    "gauges": {
        "MoveToGoal.Policy.Entropy.mean": {
            "value": 0.09205312281847,
            "min": 0.09205312281847,
            "max": 1.6082820892333984,
            "count": 100
        },
        "MoveToGoal.Policy.Entropy.sum": {
            "value": 460.5417785644531,
            "min": 460.5417785644531,
            "max": 8075.1845703125,
            "count": 100
        },
        "MoveToGoal.Environment.EpisodeLength.mean": {
            "value": 6.21933621933622,
            "min": 5.481193255512322,
            "max": 22.83173076923077,
            "count": 100
        },
        "MoveToGoal.Environment.EpisodeLength.sum": {
            "value": 4310.0,
            "min": 4226.0,
            "max": 4836.0,
            "count": 100
        },
        "MoveToGoal.Step.mean": {
            "value": 499988.0,
            "min": 4957.0,
            "max": 499988.0,
            "count": 100
        },
        "MoveToGoal.Step.sum": {
            "value": 499988.0,
            "min": 4957.0,
            "max": 499988.0,
            "count": 100
        },
        "MoveToGoal.Policy.ExtrinsicValueEstimate.mean": {
            "value": -0.5051441192626953,
            "min": -0.7427669763565063,
            "max": -0.4963626265525818,
            "count": 100
        },
        "MoveToGoal.Policy.ExtrinsicValueEstimate.sum": {
            "value": -350.06488037109375,
            "min": -386.47711181640625,
            "max": -157.39976501464844,
            "count": 100
        },
        "MoveToGoal.Policy.CuriosityValueEstimate.mean": {
            "value": 1.632951259613037,
            "min": 0.4924106299877167,
            "max": 4.614095211029053,
            "count": 100
        },
        "MoveToGoal.Policy.CuriosityValueEstimate.sum": {
            "value": 1131.63525390625,
            "min": 113.74685668945312,
            "max": 2255.0458984375,
            "count": 100
        },
        "MoveToGoal.Environment.CumulativeReward.mean": {
            "value": -0.54473304361492,
            "min": -0.7250943242941262,
            "max": -0.5277534257059228,
            "count": 100
        },
        "MoveToGoal.Environment.CumulativeReward.sum": {
            "value": -377.4999992251396,
            "min": -420.36000019311905,
            "max": -148.53999653458595,
            "count": 100
        },
        "MoveToGoal.Policy.ExtrinsicReward.mean": {
            "value": -0.54473304361492,
            "min": -0.7250943242941262,
            "max": -0.5277534257059228,
            "count": 100
        },
        "MoveToGoal.Policy.ExtrinsicReward.sum": {
            "value": -377.4999992251396,
            "min": -420.36000019311905,
            "max": -148.53999653458595,
            "count": 100
        },
        "MoveToGoal.Policy.CuriosityReward.mean": {
            "value": 0.006614018595533198,
            "min": 0.0,
            "max": 7.1213159192932975,
            "count": 100
        },
        "MoveToGoal.Policy.CuriosityReward.sum": {
            "value": 4.583514886704506,
            "min": 0.0,
            "max": 1696.8976889699697,
            "count": 100
        },
        "MoveToGoal.IsTraining.mean": {
            "value": 1.0,
            "min": 1.0,
            "max": 1.0,
            "count": 100
        },
        "MoveToGoal.IsTraining.sum": {
            "value": 1.0,
            "min": 1.0,
            "max": 1.0,
            "count": 100
        },
        "MoveToGoal.Losses.PolicyLoss.mean": {
            "value": 0.017353460580731433,
            "min": 0.01672821999527514,
            "max": 0.03457863339378188,
            "count": 48
        },
        "MoveToGoal.Losses.PolicyLoss.sum": {
            "value": 0.017353460580731433,
            "min": 0.01672821999527514,
            "max": 0.03457863339378188,
            "count": 48
        },
        "MoveToGoal.Losses.ValueLoss.mean": {
            "value": 0.008699955884367228,
            "min": 0.004418191942386329,
            "max": 2.3621451457341514,
            "count": 48
        },
        "MoveToGoal.Losses.ValueLoss.sum": {
            "value": 0.008699955884367228,
            "min": 0.004418191942386329,
            "max": 2.3621451457341514,
            "count": 48
        },
        "MoveToGoal.Policy.LearningRate.mean": {
            "value": 0.0002997049032983656,
            "min": 0.0002997049032983656,
            "max": 0.00029999384700205093,
            "count": 48
        },
        "MoveToGoal.Policy.LearningRate.sum": {
            "value": 0.0002997049032983656,
            "min": 0.0002997049032983656,
            "max": 0.00029999384700205093,
            "count": 48
        },
        "MoveToGoal.Policy.Epsilon.mean": {
            "value": 0.19990163439999994,
            "min": 0.19990163439999994,
            "max": 0.19999794900000004,
            "count": 48
        },
        "MoveToGoal.Policy.Epsilon.sum": {
            "value": 0.19990163439999994,
            "min": 0.19990163439999994,
            "max": 0.19999794900000004,
            "count": 48
        },
        "MoveToGoal.Policy.Beta.mean": {
            "value": 0.00499509155656,
            "min": 0.00499509155656,
            "max": 0.004999897655100001,
            "count": 48
        },
        "MoveToGoal.Policy.Beta.sum": {
            "value": 0.00499509155656,
            "min": 0.00499509155656,
            "max": 0.004999897655100001,
            "count": 48
        },
        "MoveToGoal.Losses.CuriosityForwardLoss.mean": {
            "value": 0.05122553333640099,
            "min": 0.050712243343393006,
            "max": 71.40904585520427,
            "count": 48
        },
        "MoveToGoal.Losses.CuriosityForwardLoss.sum": {
            "value": 0.05122553333640099,
            "min": 0.050712243343393006,
            "max": 71.40904585520427,
            "count": 48
        },
        "MoveToGoal.Losses.CuriosityInverseLoss.mean": {
            "value": 0.010087042798598607,
            "min": 0.009316046504924696,
            "max": 1.3968546271324158,
            "count": 48
        },
        "MoveToGoal.Losses.CuriosityInverseLoss.sum": {
            "value": 0.010087042798598607,
            "min": 0.009316046504924696,
            "max": 1.3968546271324158,
            "count": 48
        }
    },
    "metadata": {
        "timer_format_version": "0.1.0",
        "start_time_seconds": "1684773319",
        "python_version": "3.9.12 (main, Apr  4 2022, 05:22:27) [MSC v.1916 64 bit (AMD64)]",
        "command_line_arguments": "C:\\Users\\ybdto\\OneDrive\\Documents\\unity\\WMMC\\WhoMovedMyCheese\\mlenv\\Scripts\\mlagents-learn config/moveToGoal.yaml --run-id=newDemo2 --force",
        "mlagents_version": "0.30.0",
        "mlagents_envs_version": "0.30.0",
        "communication_protocol_version": "1.5.0",
        "pytorch_version": "2.0.0+cpu",
        "numpy_version": "1.21.2",
        "end_time_seconds": "1684777525"
    },
    "total": 4206.126736300001,
    "count": 1,
    "self": 0.00948930000049586,
    "children": {
        "run_training.setup": {
            "total": 0.1546151,
            "count": 1,
            "self": 0.1546151
        },
        "TrainerController.start_learning": {
            "total": 4205.9626319,
            "count": 1,
            "self": 11.119513100269614,
            "children": {
                "TrainerController._reset_env": {
                    "total": 9.2412337,
                    "count": 1,
                    "self": 9.2412337
                },
                "TrainerController.advance": {
                    "total": 4185.528329499731,
                    "count": 551366,
                    "self": 9.43078569953741,
                    "children": {
                        "env_step": {
                            "total": 3711.9690213001627,
                            "count": 551366,