{
    "name": "root",
    "metadata": {
        "timer_format_version": "0.1.0",
        "start_time_seconds": "1684943753",
        "python_version": "3.9.12 (main, Apr  4 2022, 05:22:27) [MSC v.1916 64 bit (AMD64)]",
        "command_line_arguments": "C:\\Users\\ybdto\\OneDrive\\Documents\\unity\\WMMC\\WhoMovedMyCheese\\mlenv\\Scripts\\mlagents-learn config/moveToGoal.yaml --initialize-from=DemoWithRNN --run-id=DemoWithRNN_3 --resume",
        "mlagents_version": "0.30.0",
        "mlagents_envs_version": "0.30.0",
        "communication_protocol_version": "1.5.0",
        "pytorch_version": "2.0.0+cpu",
        "numpy_version": "1.21.2",
        "end_time_seconds": "1684943795"
    },
    "total": 42.0776264,
    "count": 1,
    "self": 0.017263499999998544,
    "children": {
        "run_training.setup": {
            "total": 0.1408406000000002,
            "count": 1,
            "self": 0.1408406000000002
        },
        "TrainerController.start_learning": {
            "total": 41.919522300000004,
            "count": 1,
            "self": 0.0001349000000061551,
            "children": {
                "TrainerController._reset_env": {
                    "total": 41.5601859,
                    "count": 1,
                    "self": 40.1253815,
                    "children": {
                        "demo_to_buffer": {
                            "total": 1.4348043999999973,
                            "count": 2,
                            "self": 0.00019119999998906678,
                            "children": {
                                "load_demonstration": {
                                    "total": 0.033841800000004696,
                                    "count": 2,
                                    "self": 0.028544700000004752,
                                    "children": {
                                        "read_file": {
                                            "total": 0.0052970999999999435,
                                            "count": 2,
                                            "self": 0.0052970999999999435
                                        }
                                    }
                                },
                                "make_demo_buffer": {
                                    "total": 1.4007714000000036,
                                    "count": 2,
                                    "self": 0.19608369999993158,
                                    "children": {
                                        "steps_from_proto": {
                                            "total": 1.204687700000072,
                                            "count": 6008,
                                            "self": 0.6310094999996139,
                                            "children": {
                                                "_process_rank_one_or_two_observation": {
                                                    "total": 0.5736782000004581,
                                                    "count": 36048,
                                                    "self": 0.5736782000004581
                                                }
                                            }
                                        }
                                    }
                                }
                            }
                        }
                    }
                },
                "TrainerController._save_models": {
                    "total": 0.3592014999999975,
                    "count": 1,
                    "self": 0.012392699999999479,
                    "children": {
                        "RLTrainer._checkpoint": {
                            "total": 0.34680879999999803,
                            "count": 1,
                            "self": 0.34680879999999803
                        }
                    }
                }
            }
        }
    }
}