{
    "name": "root",
    "gauges": {
        "MoveToGoal.Policy.Entropy.mean": {
            "value": 0.9668999910354614,
            "min": 0.8105970621109009,
            "max": 1.6086446046829224,
            "count": 65
        },
        "MoveToGoal.Policy.Entropy.sum": {
            "value": 4861.5732421875,
            "min": 4052.9853515625,
            "max": 8057.70068359375,
            "count": 65
        },
        "MoveToGoal.Environment.EpisodeLength.mean": {
            "value": 533.8,
            "min": 19.05577689243028,
            "max": 558.125,
            "count": 65
        },
        "MoveToGoal.Environment.EpisodeLength.sum": {
            "value": 5338.0,
            "min": 3626.0,
            "max": 6123.0,
            "count": 65
        },
        "MoveToGoal.Step.mean": {
            "value": 324970.0,
            "min": 4979.0,
            "max": 324970.0,
            "count": 65
        },
        "MoveToGoal.Step.sum": {
            "value": 324970.0,
            "min": 4979.0,
            "max": 324970.0,
            "count": 65
        },
        "MoveToGoal.Policy.ExtrinsicValueEstimate.mean": {
            "value": -0.2703757882118225,
            "min": -0.8107895255088806,
            "max": -0.1943810135126114,
            "count": 65
        },
        "MoveToGoal.Policy.ExtrinsicValueEstimate.sum": {
            "value": -22.441190719604492,
            "min": -200.64083862304688,
            "max": -22.441190719604492,
            "count": 65
        },
        "MoveToGoal.Policy.CuriosityValueEstimate.mean": {
            "value": 0.88836669921875,
            "min": 0.32404738664627075,
            "max": 2.8733127117156982,
            "count": 65
        },
        "MoveToGoal.Policy.CuriosityValueEstimate.sum": {
            "value": 73.73443603515625,
            "min": 44.0704460144043,
            "max": 696.0416870117188,
            "count": 65
        },
        "MoveToGoal.Environment.CumulativeReward.mean": {
            "value": -1.000000249599993,
            "min": -1.000000249599993,
            "max": -0.4545456901818115,
            "count": 65
        },
        "MoveToGoal.Environment.CumulativeReward.sum": {
            "value": -10.00000249599993,
            "min": -245.00000016,
            "max": -5.000002591999927,
            "count": 65
        },
        "MoveToGoal.Policy.ExtrinsicReward.mean": {
            "value": -1.000000249599993,
            "min": -1.000000249599993,
            "max": -0.4545456901818115,
            "count": 65
        },
        "MoveToGoal.Policy.ExtrinsicReward.sum": {
            "value": -10.00000249599993,
            "min": -245.00000016,
            "max": -5.000002591999927,
            "count": 65
        },
        "MoveToGoal.Policy.CuriosityReward.mean": {
            "value": 2.049344783835113,
            "min": 0.0,
            "max": 9.058143358622843,
            "count": 65
        },
        "MoveToGoal.Policy.CuriosityReward.sum": {
            "value": 20.49344783835113,
            "min": 0.0,
            "max": 1319.550815725699,
            "count": 65
        },
        "MoveToGoal.IsTraining.mean": {
            "value": 1.0,
            "min": 1.0,
            "max": 1.0,
            "count": 65
        },
        "MoveToGoal.IsTraining.sum": {
            "value": 1.0,
            "min": 1.0,
            "max": 1.0,
            "count": 65
        },
        "MoveToGoal.Losses.PolicyLoss.mean": {
            "value": 0.022689897016001246,
            "min": 0.018056118596966066,
            "max": 0.032241388829424976,
            "count": 31
        },
        "MoveToGoal.Losses.PolicyLoss.sum": {
            "value": 0.022689897016001246,
            "min": 0.018056118596966066,
            "max": 0.032241388829424976,
            "count": 31
        },
        "MoveToGoal.Losses.ValueLoss.mean": {
            "value": 0.006401011332248648,
            "min": 0.006401011332248648,
            "max": 3.4547059853871662,
            "count": 31
        },
        "MoveToGoal.Losses.ValueLoss.sum": {
            "value": 0.006401011332248648,
            "min": 0.006401011332248648,
            "max": 3.4547059853871662,
            "count": 31
        },
        "MoveToGoal.Policy.LearningRate.mean": {
            "value": 0.00029980912326362555,
            "min": 0.00029980912326362555,
            "max": 0.000299993835002055,
            "count": 31
        },
        "MoveToGoal.Policy.LearningRate.sum": {
            "value": 0.00029980912326362555,
            "min": 0.00029980912326362555,
            "max": 0.000299993835002055,
            "count": 31
        },
        "MoveToGoal.Policy.Epsilon.mean": {
            "value": 0.1999363744,
            "min": 0.1999363744,
            "max": 0.19999794499999995,
            "count": 31
        },
        "MoveToGoal.Policy.Epsilon.sum": {
            "value": 0.1999363744,
            "min": 0.1999363744,
            "max": 0.19999794499999995,
            "count": 31
        },
        "MoveToGoal.Policy.Beta.mean": {
            "value": 0.0049968250825599995,
            "min": 0.0049968250825599995,
            "max": 0.0049998974555,
            "count": 31
        },
        "MoveToGoal.Policy.Beta.sum": {
            "value": 0.0049968250825599995,
            "min": 0.0049968250825599995,
            "max": 0.0049998974555,
            "count": 31
        },
        "MoveToGoal.Losses.CuriosityForwardLoss.mean": {
            "value": 0.18998418102661768,
            "min": 0.18998418102661768,
            "max": 53.5185874303182,
            "count": 31
        },
        "MoveToGoal.Losses.CuriosityForwardLoss.sum": {
            "value": 0.18998418102661768,
            "min": 0.18998418102661768,
            "max": 53.5185874303182,
            "count": 31
        },
        "MoveToGoal.Losses.CuriosityInverseLoss.mean": {
            "value": 0.408988552292188,
            "min": 0.3293065935373306,
            "max": 1.080018405119578,
            "count": 31
        },
        "MoveToGoal.Losses.CuriosityInverseLoss.sum": {
            "value": 0.408988552292188,
            "min": 0.3293065935373306,
            "max": 1.080018405119578,
            "count": 31
        }
    },
    "metadata": {
        "timer_format_version": "0.1.0",
        "start_time_seconds": "1684731593",
        "python_version": "3.9.12 (main, Apr  4 2022, 05:22:27) [MSC v.1916 64 bit (AMD64)]",
        "command_line_arguments": "C:\\Users\\ybdto\\OneDrive\\Documents\\unity\\WMMC\\WhoMovedMyCheese\\mlenv\\Scripts\\mlagents-learn config/moveToGoal.yaml --run-id=CuriosityWithRaysensor --force",
        "mlagents_version": "0.30.0",
        "mlagents_envs_version": "0.30.0",
        "communication_protocol_version": "1.5.0",
        "pytorch_version": "2.0.0+cpu",
        "numpy_version": "1.21.2",
        "end_time_seconds": "1684734059"
    },
    "total": 2465.8619755,
    "count": 1,
    "self": 0.010648200000105135,
    "children": {
        "run_training.setup": {
            "total": 0.1523680999999999,
            "count": 1,
            "self": 0.1523680999999999
        },
        "TrainerController.start_learning": {
            "total": 2465.6989592,
            "count": 1,
            "self": 6.675794400025552,
            "children": {
                "TrainerController._reset_env": {
                    "total": 11.390999700000002,
                    "count": 1,
                    "self": 11.390999700000002
                },
                "TrainerController.advance": {
                    "total": 2447.1941864999744,
                    "count": 333356,
                    "self": 5.713285699940116,
                    "children": {
                        "env_step": {
                            "total": 2223.879994900056,
                            "count": 333356,
                            "self": 1892.202981299963,