{
    "name": "root",
    "gauges": {
        "MoveToGoal.Policy.Entropy.mean": {
            "value": 0.041773177683353424,
            "min": 0.041773177683353424,
            "max": 0.2213621437549591,
            "count": 115
        },
        "MoveToGoal.Policy.Entropy.sum": {
            "value": 208.53170776367188,
            "min": 208.53170776367188,
            "max": 1107.0321044921875,
            "count": 115
        },
        "MoveToGoal.Environment.EpisodeLength.mean": {
            "value": 6.68,
            "min": 6.68,
            "max": 9.036144578313253,
            "count": 115
        },
        "MoveToGoal.Environment.EpisodeLength.sum": {
            "value": 4342.0,
            "min": 4342.0,
            "max": 4502.0,
            "count": 115
        },
        "MoveToGoal.Step.mean": {
            "value": 574995.0,
            "min": 4991.0,
            "max": 574995.0,
            "count": 115
        },
        "MoveToGoal.Step.sum": {
            "value": 574995.0,
            "min": 4991.0,
            "max": 574995.0,
            "count": 115
        },
        "MoveToGoal.Policy.ExtrinsicValueEstimate.mean": {
            "value": -0.08585500717163086,
            "min": -0.17025522887706757,
            "max": 0.13562431931495667,
            "count": 115
        },
        "MoveToGoal.Policy.ExtrinsicValueEstimate.sum": {
            "value": -55.805755615234375,
            "min": -98.9654769897461,
            "max": 69.84652709960938,
            "count": 115
        },
        "MoveToGoal.Policy.CuriosityValueEstimate.mean": {
            "value": 2178.0859375,
            "min": 271.6196594238281,
            "max": 2182.664306640625,
            "count": 115
        },
        "MoveToGoal.Policy.CuriosityValueEstimate.sum": {
            "value": 1415755.875,
            "min": 145859.75,
            "max": 1415755.875,
            "count": 115
        },
        "MoveToGoal.Environment.CumulativeReward.mean": {
            "value": -0.0758461513542212,
            "min": -0.09883533969117575,
            "max": -0.07537382895364847,
            "count": 115
        },
        "MoveToGoal.Environment.CumulativeReward.sum": {
            "value": -49.29999838024378,
            "min": -51.34999892860651,
            "max": -48.06999859586358,
            "count": 115
        },
        "MoveToGoal.Policy.ExtrinsicReward.mean": {
            "value": -0.0758461513542212,
            "min": -0.09883533969117575,
            "max": -0.07537382895364847,
            "count": 115
        },
        "MoveToGoal.Policy.ExtrinsicReward.sum": {
            "value": -49.29999838024378,
            "min": -51.34999892860651,
            "max": -48.06999859586358,
            "count": 115
        },
        "MoveToGoal.Policy.CuriosityReward.mean": {
            "value": 0.004669314523164827,
            "min": 0.0,
            "max": 0.04507158116753382,
            "count": 115
        },
        "MoveToGoal.Policy.CuriosityReward.sum": {
            "value": 3.035054440057138,
            "min": 0.0,
            "max": 25.28023361740634,
            "count": 115
        },
        "MoveToGoal.IsTraining.mean": {
            "value": 1.0,
            "min": 1.0,
            "max": 1.0,
            "count": 115
        },
        "MoveToGoal.IsTraining.sum": {
            "value": 1.0,
            "min": 1.0,
            "max": 1.0,
            "count": 115
        },
        "MoveToGoal.Losses.PolicyLoss.mean": {
            "value": 0.026627717446535824,
            "min": 0.014289434797440966,
            "max": 0.037285244868447386,
            "count": 56
        },
        "MoveToGoal.Losses.PolicyLoss.sum": {
            "value": 0.026627717446535824,
            "min": 0.014289434797440966,
            "max": 0.037285244868447386,
            "count": 56
        },
        "MoveToGoal.Losses.ValueLoss.mean": {
            "value": 7368.030485026042,
            "min": 498.56006673177086,
            "max": 7368.030485026042,
            "count": 56
        },
        "MoveToGoal.Losses.ValueLoss.sum": {
            "value": 7368.030485026042,
            "min": 498.56006673177086,
            "max": 7368.030485026042,
            "count": 56
        },
        "MoveToGoal.Policy.LearningRate.mean": {
            "value": 0.0002996557129147624,
            "min": 0.0002996557129147624,
            "max": 0.0002999938554020481,
            "count": 56
        },
        "MoveToGoal.Policy.LearningRate.sum": {
            "value": 0.0002996557129147624,
            "min": 0.0002996557129147624,
            "max": 0.0002999938554020481,
            "count": 56
        },
        "MoveToGoal.Policy.Epsilon.mean": {
            "value": 0.19988523760000007,
            "min": 0.19988523760000007,
            "max": 0.19999795180000007,
            "count": 56
        },
        "MoveToGoal.Policy.Epsilon.sum": {
            "value": 0.19988523760000007,
            "min": 0.19988523760000007,
            "max": 0.19999795180000007,
            "count": 56
        },
        "MoveToGoal.Policy.Beta.mean": {
            "value": 0.004994273356240001,
            "min": 0.004994273356240001,
            "max": 0.004999897794819999,
            "count": 56
        },
        "MoveToGoal.Policy.Beta.sum": {
            "value": 0.004994273356240001,
            "min": 0.004994273356240001,
            "max": 0.004999897794819999,
            "count": 56
        },
        "MoveToGoal.Losses.CuriosityForwardLoss.mean": {
            "value": 0.027524174439410368,
            "min": 0.027524174439410368,
            "max": 0.28500527888536453,
            "count": 56
        },
        "MoveToGoal.Losses.CuriosityForwardLoss.sum": {
            "value": 0.027524174439410368,
            "min": 0.027524174439410368,
            "max": 0.28500527888536453,
            "count": 56
        },
        "MoveToGoal.Losses.CuriosityInverseLoss.mean": {
            "value": 0.005396506025378282,
            "min": 0.005396506025378282,
            "max": 0.06608630903065205,
            "count": 56
        },
        "MoveToGoal.Losses.CuriosityInverseLoss.sum": {
            "value": 0.005396506025378282,
            "min": 0.005396506025378282,
            "max": 0.06608630903065205,
            "count": 56
        }
    },
    "metadata": {
        "timer_format_version": "0.1.0",
        "start_time_seconds": "1684674117",
        "python_version": "3.9.12 (main, Apr  4 2022, 05:22:27) [MSC v.1916 64 bit (AMD64)]",
        "command_line_arguments": "C:\\Users\\ybdto\\OneDrive\\Documents\\unity\\WMMC\\WhoMovedMyCheese\\mlenv\\Scripts\\mlagents-learn config/moveToGoal.yaml --initialize-from=Test4 --run-id=Test5",
        "mlagents_version": "0.30.0",
        "mlagents_envs_version": "0.30.0",
        "communication_protocol_version": "1.5.0",
        "pytorch_version": "2.0.0+cpu",
        "numpy_version": "1.21.2",
        "end_time_seconds": "1684678733"
    },
    "total": 4615.816713300001,
    "count": 1,
    "self": 0.010351700000683195,
    "children": {
        "run_training.setup": {
            "total": 0.1355789999999999,
            "count": 1,
            "self": 0.1355789999999999
        },
        "TrainerController.start_learning": {
            "total": 4615.6707826,
            "count": 1,
            "self": 12.887063200008015,
            "children": {
                "TrainerController._reset_env": {
                    "total": 40.552548,
                    "count": 1,
                    "self": 40.552548
                },
                "TrainerController.advance": {
                    "total": 4562.146638699993,
                    "count": 629674,
                    "self": 11.574234799887563,
                    "children": {
                        "env_step": {
                            "total": 4062.0910814997847,
                            "count": 629674,