{
    "name": "root",
    "gauges": {
        "MoveToGoal.Policy.Entropy.mean": {
            "value": 0.11107491701841354,
            "min": 0.10028856247663498,
            "max": 1.606124758720398,
            "count": 204
        },
        "MoveToGoal.Policy.Entropy.sum": {
            "value": 554.7081298828125,
            "min": 506.05609130859375,
            "max": 8061.7451171875,
            "count": 204
        },
        "MoveToGoal.Environment.EpisodeLength.mean": {
            "value": 5.3861892583120206,
            "min": 5.198019801980198,
            "max": 24.774869109947645,
            "count": 204
        },
        "MoveToGoal.Environment.EpisodeLength.sum": {
            "value": 4212.0,
            "min": 4200.0,
            "max": 4869.0,
            "count": 204
        },
        "MoveToGoal.Step.mean": {
            "value": 1019995.0,
            "min": 4995.0,
            "max": 1019995.0,
            "count": 204
        },
        "MoveToGoal.Step.sum": {
            "value": 1019995.0,
            "min": 4995.0,
            "max": 1019995.0,
            "count": 204
        },
        "MoveToGoal.Policy.ExtrinsicValueEstimate.mean": {
            "value": -0.4988551735877991,
            "min": -0.6396439671516418,
            "max": -0.48280587792396545,
            "count": 204
        },
        "MoveToGoal.Policy.ExtrinsicValueEstimate.sum": {
            "value": -390.104736328125,
            "min": -414.4403991699219,
            "max": -119.36808776855469,
            "count": 204
        },
        "MoveToGoal.Policy.CuriosityValueEstimate.mean": {
            "value": 0.4850215017795563,
            "min": -0.429563969373703,
            "max": 4.002756595611572,
            "count": 204
        },
        "MoveToGoal.Policy.CuriosityValueEstimate.sum": {
            "value": 379.28680419921875,
            "min": -92.79182434082031,
            "max": 2065.660400390625,
            "count": 204
        },
        "MoveToGoal.Environment.CumulativeReward.mean": {
            "value": -0.5462531959614181,
            "min": -0.7470833112796148,
            "max": -0.5285258912945173,
            "count": 204
        },
        "MoveToGoal.Environment.CumulativeReward.sum": {
            "value": -427.1699992418289,
            "min": -442.9499995112419,
            "max": -143.43999576568604,
            "count": 204
        },
        "MoveToGoal.Policy.ExtrinsicReward.mean": {
            "value": -0.5462531959614181,
            "min": -0.7470833112796148,
            "max": -0.5285258912945173,
            "count": 204
        },
        "MoveToGoal.Policy.ExtrinsicReward.sum": {
            "value": -427.1699992418289,
            "min": -442.9499995112419,
            "max": -143.43999576568604,
            "count": 204
        },
        "MoveToGoal.Policy.CuriosityReward.mean": {
            "value": 0.002480203325970663,
            "min": 0.0,
            "max": 7.63584119733423,
            "count": 204
        },
        "MoveToGoal.Policy.CuriosityReward.sum": {
            "value": 1.9395190009090584,
            "min": 0.0,
            "max": 1466.0815098881721,
            "count": 204
        },
        "MoveToGoal.IsTraining.mean": {
            "value": 1.0,
            "min": 1.0,
            "max": 1.0,
            "count": 204
        },
        "MoveToGoal.IsTraining.sum": {
            "value": 1.0,
            "min": 1.0,
            "max": 1.0,
            "count": 204
        },
        "MoveToGoal.Losses.PolicyLoss.mean": {
            "value": 0.02529189451597631,
            "min": 0.017274673360710344,
            "max": 0.03463637176901102,
            "count": 99
        },
        "MoveToGoal.Losses.PolicyLoss.sum": {
            "value": 0.02529189451597631,
            "min": 0.017274673360710344,
            "max": 0.03463637176901102,
            "count": 99
        },
        "MoveToGoal.Losses.ValueLoss.mean": {
            "value": 0.005849636617737511,
            "min": 0.002136841781126956,
            "max": 2.2370596289634705,
            "count": 99
        },
        "MoveToGoal.Losses.ValueLoss.sum": {
            "value": 0.005849636617737511,
            "min": 0.002136841781126956,
            "max": 2.2370596289634705,
            "count": 99
        },
        "MoveToGoal.Policy.LearningRate.mean": {
            "value": 0.00029939138840287045,
            "min": 0.00029939138840287045,
            "max": 0.00029999385300204907,
            "count": 99
        },
        "MoveToGoal.Policy.LearningRate.sum": {
            "value": 0.00029939138840287045,
            "min": 0.00029939138840287045,
            "max": 0.00029999385300204907,
            "count": 99
        },
        "MoveToGoal.Policy.Epsilon.mean": {
            "value": 0.19979712940000002,
            "min": 0.19979712940000002,
            "max": 0.19999795100000003,
            "count": 99
        },
        "MoveToGoal.Policy.Epsilon.sum": {
            "value": 0.19979712940000002,
            "min": 0.19979712940000002,
            "max": 0.19999795100000003,
            "count": 99
        },
        "MoveToGoal.Policy.Beta.mean": {
            "value": 0.0049898767570600005,
            "min": 0.0049898767570600005,
            "max": 0.0049998977549000016,
            "count": 99
        },
        "MoveToGoal.Policy.Beta.sum": {
            "value": 0.0049898767570600005,
            "min": 0.0049898767570600005,
            "max": 0.0049998977549000016,
            "count": 99
        },
        "MoveToGoal.Losses.CuriosityForwardLoss.mean": {
            "value": 0.020527447511752447,
            "min": 0.019463357515633106,
            "max": 79.95964120229085,
            "count": 99
        },
        "MoveToGoal.Losses.CuriosityForwardLoss.sum": {
            "value": 0.020527447511752447,
            "min": 0.019463357515633106,
            "max": 79.95964120229085,
            "count": 99
        },
        "MoveToGoal.Losses.CuriosityInverseLoss.mean": {
            "value": 0.005388066401549926,
            "min": 0.0038342839999434847,
            "max": 1.3766267498334248,
            "count": 99
        },
        "MoveToGoal.Losses.CuriosityInverseLoss.sum": {
            "value": 0.005388066401549926,
            "min": 0.0038342839999434847,
            "max": 1.3766267498334248,
            "count": 99
        }
    },
    "metadata": {
        "timer_format_version": "0.1.0",
        "start_time_seconds": "1684784536",
        "python_version": "3.9.12 (main, Apr  4 2022, 05:22:27) [MSC v.1916 64 bit (AMD64)]",
        "command_line_arguments": "C:\\Users\\ybdto\\OneDrive\\Documents\\unity\\WMMC\\WhoMovedMyCheese\\mlenv\\Scripts\\mlagents-learn config/moveToGoal.yaml --run-id=newDemo3 --force",
        "mlagents_version": "0.30.0",
        "mlagents_envs_version": "0.30.0",
        "communication_protocol_version": "1.5.0",
        "pytorch_version": "2.0.0+cpu",
        "numpy_version": "1.21.2",
        "end_time_seconds": "1684793099"
    },
    "total": 8563.0859314,
    "count": 1,
    "self": 0.014484900002571521,
    "children": {
        "run_training.setup": {
            "total": 0.17146379999999972,
            "count": 1,
            "self": 0.17146379999999972
        },
        "TrainerController.start_learning": {
            "total": 8562.899982699999,
            "count": 1,
            "self": 22.55328790004023,
            "children": {
                "TrainerController._reset_env": {
                    "total": 18.5700652,
                    "count": 1,
                    "self": 18.5700652
                },
                "TrainerController.advance": {
                    "total": 8521.693170299961,
                    "count": 1131658,
                    "self": 19.062424299958366,
                    "children": {
                        "env_step": {
                            "total": 7539.862149400052,